-- Migration: Seed Companies, Catalogues, Tenders

INSERT INTO public.companies (id, reference_id, name, nif, rc, description, activity_sector, certified, status)
VALUES
('09aa5c8c-aadf-44b6-a074-af34a9c33782', 'CMP-WA4QUR', 'Entreprise Chimie Hassi Messaoud 1', '00007986047264', '16/00-7917783B14', 'Acteur majeur dans le secteur Chimie, basé à Hassi Messaoud. Expertise reconnue depuis plusieurs années.', 'Chimie', true, 'approved'),
('ed6ef18f-bde1-4be1-b82f-fd31f7baa85f', 'CMP-P99Q6T', 'Entreprise Chimie Béjaïa 2', '00006432866220', '16/00-2345781B16', 'Acteur majeur dans le secteur Chimie, basé à Béjaïa. Expertise reconnue depuis plusieurs années.', 'Chimie', false, 'approved'),
('eae513aa-cb1d-4738-b1a3-972756e0d6d3', 'CMP-01KRO5', 'Entreprise BTPH Ouargla 3', '00004692498249', '16/00-6837305B13', 'Acteur majeur dans le secteur BTPH, basé à Ouargla. Expertise reconnue depuis plusieurs années.', 'BTPH', false, 'approved'),
('dbbd0e16-1057-44d5-8367-fc824e90edde', 'CMP-2LTFHS', 'Entreprise Textile Alger 4', '00006461349375', '16/00-1282201B19', 'Acteur majeur dans le secteur Textile, basé à Alger. Expertise reconnue depuis plusieurs années.', 'Textile', false, 'approved'),
('05f1cb09-811a-41e8-9507-63041b101801', 'CMP-GDR9HI', 'Entreprise Textile Annaba 5', '00006976375250', '16/00-7542628B18', 'Acteur majeur dans le secteur Textile, basé à Annaba. Expertise reconnue depuis plusieurs années.', 'Textile', true, 'approved'),
('399685c7-2d81-4a89-af87-85d9f283b8bf', 'CMP-CS050C', 'Entreprise Automobile Sétif 6', '00008098811381', '16/00-5583416B19', 'Acteur majeur dans le secteur Automobile, basé à Sétif. Expertise reconnue depuis plusieurs années.', 'Automobile', true, 'approved'),
('3a37f667-a80b-4d7e-b05b-1bfd3419dbad', 'CMP-8260EE', 'Entreprise Énergie Sétif 7', '00006482125142', '16/00-2811443B17', 'Acteur majeur dans le secteur Énergie, basé à Sétif. Expertise reconnue depuis plusieurs années.', 'Énergie', false, 'approved'),
('539f605c-b32f-4700-bb5b-bdb4aae06bf3', 'CMP-1WIUY5', 'Entreprise BTPH Blida 8', '00009173194473', '16/00-6924604B12', 'Acteur majeur dans le secteur BTPH, basé à Blida. Expertise reconnue depuis plusieurs années.', 'BTPH', false, 'approved'),
('e9c3f12d-2c06-4e22-82fa-69d20504604d', 'CMP-WN3GZX', 'Entreprise Électronique Annaba 9', '00005533627139', '16/00-5055797B18', 'Acteur majeur dans le secteur Électronique, basé à Annaba. Expertise reconnue depuis plusieurs années.', 'Électronique', true, 'approved'),
('7f137be0-45f8-432a-84d8-0dac5acab958', 'CMP-WW14S6', 'Entreprise Métallurgie Béjaïa 10', '00004497322572', '16/00-2706192B11', 'Acteur majeur dans le secteur Métallurgie, basé à Béjaïa. Expertise reconnue depuis plusieurs années.', 'Métallurgie', false, 'approved'),
('92879d8c-4772-43a8-a79b-b679d3eeff04', 'CMP-MY4DB1', 'Entreprise Agroalimentaire Sétif 11', '00003120561705', '16/00-1812114B19', 'Acteur majeur dans le secteur Agroalimentaire, basé à Sétif. Expertise reconnue depuis plusieurs années.', 'Agroalimentaire', true, 'approved'),
('6e2baefc-b13e-4ca5-88f4-e6072f0d599c', 'CMP-BUDAKM', 'Entreprise Automobile Tlemcen 12', '00007627616287', '16/00-2549100B18', 'Acteur majeur dans le secteur Automobile, basé à Tlemcen. Expertise reconnue depuis plusieurs années.', 'Automobile', false, 'approved'),
('7f63e1f5-1799-4f0d-a3e3-c8ee6f82aef7', 'CMP-GDMAZ5', 'Entreprise Plasturgie Constantine 13', '00008913457326', '16/00-4535431B18', 'Acteur majeur dans le secteur Plasturgie, basé à Constantine. Expertise reconnue depuis plusieurs années.', 'Plasturgie', false, 'approved'),
('9f5f62a0-4511-40d4-b3f7-fff2b5ba0440', 'CMP-P80I4N', 'Entreprise Automobile Tlemcen 14', '00008562619811', '16/00-3980902B14', 'Acteur majeur dans le secteur Automobile, basé à Tlemcen. Expertise reconnue depuis plusieurs années.', 'Automobile', true, 'approved'),
('7adfa352-365c-4751-a150-60e9bed9fc4b', 'CMP-9077EL', 'Entreprise Métallurgie Annaba 15', '00007359864459', '16/00-2767929B10', 'Acteur majeur dans le secteur Métallurgie, basé à Annaba. Expertise reconnue depuis plusieurs années.', 'Métallurgie', false, 'approved'),
('4fa7979e-f5f6-447c-a96f-df7f0118032f', 'CMP-QG95JW', 'Entreprise BTPH Ouargla 16', '00007775019355', '16/00-4923305B10', 'Acteur majeur dans le secteur BTPH, basé à Ouargla. Expertise reconnue depuis plusieurs années.', 'BTPH', true, 'approved'),
('9bd6a643-7462-4a9d-a4b1-4ea22d1ec1e9', 'CMP-6QWTZZ', 'Entreprise Plasturgie Constantine 17', '00005808473957', '16/00-3844499B11', 'Acteur majeur dans le secteur Plasturgie, basé à Constantine. Expertise reconnue depuis plusieurs années.', 'Plasturgie', false, 'approved'),
('225f79e3-3921-4f01-8bec-42b5ac80bb80', 'CMP-07MZPZ', 'Entreprise BTPH Annaba 18', '00001240614171', '16/00-8400081B18', 'Acteur majeur dans le secteur BTPH, basé à Annaba. Expertise reconnue depuis plusieurs années.', 'BTPH', true, 'approved'),
('c4b7e59c-9ccd-44ed-9ab8-ccf77782fba8', 'CMP-LSOBEM', 'Entreprise Textile Tlemcen 19', '00005083555705', '16/00-5186634B19', 'Acteur majeur dans le secteur Textile, basé à Tlemcen. Expertise reconnue depuis plusieurs années.', 'Textile', false, 'approved'),
('7c15061f-3332-4f40-bd69-4bf55298bdf7', 'CMP-LYGMFX', 'Entreprise Énergie Blida 20', '00001549193092', '16/00-4793711B15', 'Acteur majeur dans le secteur Énergie, basé à Blida. Expertise reconnue depuis plusieurs années.', 'Énergie', true, 'approved'),
('35cdb846-6034-445c-9548-4661cff0ad28', 'CMP-UPXK0W', 'Entreprise BTPH Tlemcen 21', '00001454854546', '16/00-9477296B17', 'Acteur majeur dans le secteur BTPH, basé à Tlemcen. Expertise reconnue depuis plusieurs années.', 'BTPH', true, 'approved'),
('66512566-6307-44dc-b0c2-435a3f726a36', 'CMP-PVNM8F', 'Entreprise Métallurgie Hassi Messaoud 22', '00007787554908', '16/00-3932538B18', 'Acteur majeur dans le secteur Métallurgie, basé à Hassi Messaoud. Expertise reconnue depuis plusieurs années.', 'Métallurgie', true, 'approved'),
('58d006ab-1f55-4810-aafd-70146416245e', 'CMP-W4PC8T', 'Entreprise Métallurgie Oran 23', '00002826667981', '16/00-4548454B19', 'Acteur majeur dans le secteur Métallurgie, basé à Oran. Expertise reconnue depuis plusieurs années.', 'Métallurgie', false, 'approved'),
('858f7418-2cc4-456b-9af1-8c9712c9b4fb', 'CMP-LYJR4P', 'Entreprise BTPH Alger 24', '00008188910517', '16/00-6252550B13', 'Acteur majeur dans le secteur BTPH, basé à Alger. Expertise reconnue depuis plusieurs années.', 'BTPH', false, 'approved'),
('235d6285-0493-4080-9fd0-6debef4a7030', 'CMP-CCBU89', 'Entreprise Automobile Tlemcen 25', '00001053083755', '16/00-3357153B16', 'Acteur majeur dans le secteur Automobile, basé à Tlemcen. Expertise reconnue depuis plusieurs années.', 'Automobile', false, 'approved'),
('de4d781f-a848-40ce-a71e-a98b8d5f8a29', 'CMP-8RHAI1', 'Entreprise Électronique Alger 26', '00009608175233', '16/00-2760132B15', 'Acteur majeur dans le secteur Électronique, basé à Alger. Expertise reconnue depuis plusieurs années.', 'Électronique', true, 'approved'),
('9e33b395-69a0-4fd5-b7af-ea03d36bf5e3', 'CMP-R2CCUY', 'Entreprise Agroalimentaire Annaba 27', '00003173838493', '16/00-6232811B10', 'Acteur majeur dans le secteur Agroalimentaire, basé à Annaba. Expertise reconnue depuis plusieurs années.', 'Agroalimentaire', true, 'approved'),
('fdd1796c-5abd-484b-9e3e-8ec92f3df0b7', 'CMP-RSU2IG', 'Entreprise Agroalimentaire Sétif 28', '00009000165765', '16/00-2433949B18', 'Acteur majeur dans le secteur Agroalimentaire, basé à Sétif. Expertise reconnue depuis plusieurs années.', 'Agroalimentaire', true, 'approved'),
('a0d86e9a-63f8-44c4-be31-16128116be0f', 'CMP-FOUGAH', 'Entreprise Énergie Sétif 29', '00007149418688', '16/00-5024053B19', 'Acteur majeur dans le secteur Énergie, basé à Sétif. Expertise reconnue depuis plusieurs années.', 'Énergie', false, 'approved'),
('2936a52d-724b-4350-b2ea-77dc28a50d37', 'CMP-S98WEC', 'Entreprise Énergie Annaba 30', '00004543748510', '16/00-5064612B17', 'Acteur majeur dans le secteur Énergie, basé à Annaba. Expertise reconnue depuis plusieurs années.', 'Énergie', true, 'approved'),
('33f95555-9868-47ff-a785-6dc2dab8edfb', 'CMP-4CPGHH', 'Entreprise Agroalimentaire Constantine 31', '00004767406424', '16/00-5458639B15', 'Acteur majeur dans le secteur Agroalimentaire, basé à Constantine. Expertise reconnue depuis plusieurs années.', 'Agroalimentaire', true, 'approved'),
('62b04434-0bcd-4c32-99b3-e550700149dc', 'CMP-H0ECMU', 'Entreprise Textile Ouargla 32', '00005966080161', '16/00-4494662B17', 'Acteur majeur dans le secteur Textile, basé à Ouargla. Expertise reconnue depuis plusieurs années.', 'Textile', true, 'approved'),
('65390834-baa2-4327-aff9-a8306088abbd', 'CMP-LCUATT', 'Entreprise Textile Annaba 33', '00009290950320', '16/00-4785094B17', 'Acteur majeur dans le secteur Textile, basé à Annaba. Expertise reconnue depuis plusieurs années.', 'Textile', false, 'approved'),
('569e1a40-5c30-48e0-817d-e52a1c5caae1', 'CMP-XU5ADE', 'Entreprise Énergie Oran 34', '00003245837024', '16/00-4327957B19', 'Acteur majeur dans le secteur Énergie, basé à Oran. Expertise reconnue depuis plusieurs années.', 'Énergie', false, 'approved'),
('9567b535-4c60-401e-85d7-8d9675e36b80', 'CMP-IEK112', 'Entreprise Automobile Sétif 35', '00002874168801', '16/00-8994989B15', 'Acteur majeur dans le secteur Automobile, basé à Sétif. Expertise reconnue depuis plusieurs années.', 'Automobile', true, 'approved'),
('562441a1-08c1-4489-a22f-aaf6613717b6', 'CMP-9WKDIG', 'Entreprise Agroalimentaire Blida 36', '00009346182754', '16/00-1983950B12', 'Acteur majeur dans le secteur Agroalimentaire, basé à Blida. Expertise reconnue depuis plusieurs années.', 'Agroalimentaire', true, 'approved'),
('409fea92-5686-4917-9963-0c908afdf276', 'CMP-MTGBJX', 'Entreprise Électronique Sétif 37', '00002349594091', '16/00-7771428B18', 'Acteur majeur dans le secteur Électronique, basé à Sétif. Expertise reconnue depuis plusieurs années.', 'Électronique', false, 'approved'),
('418dcb5f-69a7-48ff-9d2c-3c5d4af43d49', 'CMP-H74WHP', 'Entreprise Énergie Oran 38', '00001781285960', '16/00-1755270B18', 'Acteur majeur dans le secteur Énergie, basé à Oran. Expertise reconnue depuis plusieurs années.', 'Énergie', true, 'approved'),
('551e65ca-1954-4669-9c13-2d2bbd21f5d3', 'CMP-59U9TO', 'Entreprise Agroalimentaire Hassi Messaoud 39', '00001041034532', '16/00-5434027B19', 'Acteur majeur dans le secteur Agroalimentaire, basé à Hassi Messaoud. Expertise reconnue depuis plusieurs années.', 'Agroalimentaire', false, 'approved'),
('163c6384-3d74-4d25-8a6d-349afa76e90b', 'CMP-SF4T54', 'Entreprise Électronique Hassi Messaoud 40', '00001747179820', '16/00-8465156B19', 'Acteur majeur dans le secteur Électronique, basé à Hassi Messaoud. Expertise reconnue depuis plusieurs années.', 'Électronique', true, 'approved'),
('0d66bee5-17c2-4882-b9b6-31b8fb8c1559', 'CMP-PSEJHJ', 'Entreprise Automobile Annaba 41', '00004171527896', '16/00-8686145B16', 'Acteur majeur dans le secteur Automobile, basé à Annaba. Expertise reconnue depuis plusieurs années.', 'Automobile', false, 'approved'),
('cde07c2e-72d4-463d-9eb9-b741bc38a053', 'CMP-JHAU7Q', 'Entreprise Énergie Oran 42', '00001719833778', '16/00-4422491B18', 'Acteur majeur dans le secteur Énergie, basé à Oran. Expertise reconnue depuis plusieurs années.', 'Énergie', false, 'approved'),
('e81b6335-4fcc-4fca-9e2e-065884286393', 'CMP-2XSDNK', 'Entreprise Plasturgie Ouargla 43', '00007162149314', '16/00-5734776B16', 'Acteur majeur dans le secteur Plasturgie, basé à Ouargla. Expertise reconnue depuis plusieurs années.', 'Plasturgie', false, 'approved'),
('4ca3e6b6-f311-4d20-b404-125d875df22b', 'CMP-2KBIJ4', 'Entreprise Électronique Alger 44', '00002768578014', '16/00-5201897B10', 'Acteur majeur dans le secteur Électronique, basé à Alger. Expertise reconnue depuis plusieurs années.', 'Électronique', true, 'approved'),
('a6883ee1-dae8-4eab-9254-6bc348bcfa73', 'CMP-3GT6CW', 'Entreprise BTPH Hassi Messaoud 45', '00007018033117', '16/00-6885580B19', 'Acteur majeur dans le secteur BTPH, basé à Hassi Messaoud. Expertise reconnue depuis plusieurs années.', 'BTPH', true, 'approved'),
('7ecdb100-a56b-4057-83b6-580abd73ebcd', 'CMP-MQTBO7', 'Entreprise Chimie Tlemcen 46', '00007308424591', '16/00-6695327B11', 'Acteur majeur dans le secteur Chimie, basé à Tlemcen. Expertise reconnue depuis plusieurs années.', 'Chimie', false, 'approved'),
('87c5e931-8aa8-4bc1-8011-3e952a95d18b', 'CMP-MOZ1DU', 'Entreprise Électronique Annaba 47', '00002732243798', '16/00-3852632B10', 'Acteur majeur dans le secteur Électronique, basé à Annaba. Expertise reconnue depuis plusieurs années.', 'Électronique', true, 'approved'),
('af7f613f-3648-44fa-8d20-92e8cdc97d04', 'CMP-X68WC0', 'Entreprise Agroalimentaire Blida 48', '00002613820039', '16/00-7153122B13', 'Acteur majeur dans le secteur Agroalimentaire, basé à Blida. Expertise reconnue depuis plusieurs années.', 'Agroalimentaire', true, 'approved'),
('6c8cee05-913c-475f-ac2b-c12751df1ab4', 'CMP-ZKYVS8', 'Entreprise Textile Hassi Messaoud 49', '00009112222883', '16/00-3274517B19', 'Acteur majeur dans le secteur Textile, basé à Hassi Messaoud. Expertise reconnue depuis plusieurs années.', 'Textile', true, 'approved'),
('88510d4f-2f25-474a-bcc7-8259afe3cea0', 'CMP-JJXE4T', 'Entreprise Textile Ouargla 50', '00008368169710', '16/00-9970162B13', 'Acteur majeur dans le secteur Textile, basé à Ouargla. Expertise reconnue depuis plusieurs années.', 'Textile', false, 'approved'),
('e0925171-06c6-46e2-a6d2-16b5d0cdde52', 'CMP-61P2HK', 'Entreprise Automobile Sétif 51', '00004203066378', '16/00-2129583B18', 'Acteur majeur dans le secteur Automobile, basé à Sétif. Expertise reconnue depuis plusieurs années.', 'Automobile', false, 'approved'),
('3c2f8bf1-945f-4b59-84d7-174bc55ebbc7', 'CMP-TU1PN6', 'Entreprise Énergie Annaba 52', '00004353849258', '16/00-8200305B15', 'Acteur majeur dans le secteur Énergie, basé à Annaba. Expertise reconnue depuis plusieurs années.', 'Énergie', false, 'approved'),
('ae4aba81-04f4-4982-8a9e-c5e929706a8a', 'CMP-7EIR91', 'Entreprise Agroalimentaire Oran 53', '00002529359319', '16/00-8538337B12', 'Acteur majeur dans le secteur Agroalimentaire, basé à Oran. Expertise reconnue depuis plusieurs années.', 'Agroalimentaire', false, 'approved'),
('adbcffa8-f8c7-4f59-a408-ce15c6d04866', 'CMP-SJSLF8', 'Entreprise Électronique Béjaïa 54', '00004517067859', '16/00-9493782B10', 'Acteur majeur dans le secteur Électronique, basé à Béjaïa. Expertise reconnue depuis plusieurs années.', 'Électronique', false, 'approved'),
('180c3c75-0c62-4492-8549-01a1cf5f5b39', 'CMP-QWKQ74', 'Entreprise BTPH Hassi Messaoud 55', '00003283720931', '16/00-3899190B13', 'Acteur majeur dans le secteur BTPH, basé à Hassi Messaoud. Expertise reconnue depuis plusieurs années.', 'BTPH', false, 'approved'),
('05c126f6-bfa9-4f89-b2f9-779e6004f149', 'CMP-1SO1V3', 'Entreprise Automobile Annaba 56', '00002293228734', '16/00-1404529B17', 'Acteur majeur dans le secteur Automobile, basé à Annaba. Expertise reconnue depuis plusieurs années.', 'Automobile', true, 'approved'),
('52b880fc-42ee-47a0-8f76-cc1fdc9aa0a3', 'CMP-NE0YG1', 'Entreprise Chimie Oran 57', '00008375491488', '16/00-6893727B14', 'Acteur majeur dans le secteur Chimie, basé à Oran. Expertise reconnue depuis plusieurs années.', 'Chimie', false, 'approved'),
('6dcd5c41-896d-460d-b810-1a912f43a279', 'CMP-C19EOH', 'Entreprise Textile Sétif 58', '00005058428439', '16/00-8609465B11', 'Acteur majeur dans le secteur Textile, basé à Sétif. Expertise reconnue depuis plusieurs années.', 'Textile', false, 'approved'),
('d73e1387-e295-40a9-a29e-b1ee665dadae', 'CMP-6K6QTB', 'Entreprise Textile Oran 59', '00003982940780', '16/00-8578785B13', 'Acteur majeur dans le secteur Textile, basé à Oran. Expertise reconnue depuis plusieurs années.', 'Textile', false, 'approved'),
('04073959-d667-4afd-865a-5260ec99520f', 'CMP-QRRETS', 'Entreprise BTPH Blida 60', '00005669820001', '16/00-6725212B12', 'Acteur majeur dans le secteur BTPH, basé à Blida. Expertise reconnue depuis plusieurs années.', 'BTPH', false, 'approved');

INSERT INTO public.catalogues (id, title, description, pdf_url, company_id)
VALUES
('269b313b-ab5c-48f5-8a4c-d026fffe39a2', 'Catalogue BTPH 2026', 'Découvrez nos derniers produits et services pour l''industrie BTPH.', 'https://www.w3.org/WAI/ER/tests/xhtml/testfiles/resources/pdf/dummy.pdf', '04073959-d667-4afd-865a-5260ec99520f'),
('541b260e-fe5f-442a-affa-a70fc65e925d', 'Catalogue Automobile 2026', 'Découvrez nos derniers produits et services pour l''industrie Automobile.', 'https://www.w3.org/WAI/ER/tests/xhtml/testfiles/resources/pdf/dummy.pdf', '9567b535-4c60-401e-85d7-8d9675e36b80'),
('eaf5d7ff-1125-4f24-b6d6-86ab649d1abe', 'Catalogue Énergie 2026', 'Découvrez nos derniers produits et services pour l''industrie Énergie.', 'https://www.w3.org/WAI/ER/tests/xhtml/testfiles/resources/pdf/dummy.pdf', '7c15061f-3332-4f40-bd69-4bf55298bdf7'),
('37d3c914-c7b4-45cf-8630-2ce9b906f1c1', 'Catalogue Plasturgie 2026', 'Découvrez nos derniers produits et services pour l''industrie Plasturgie.', 'https://www.w3.org/WAI/ER/tests/xhtml/testfiles/resources/pdf/dummy.pdf', '7f63e1f5-1799-4f0d-a3e3-c8ee6f82aef7'),
('cd495931-56cd-4172-8e94-104e031d9c3f', 'Catalogue BTPH 2026', 'Découvrez nos derniers produits et services pour l''industrie BTPH.', 'https://www.w3.org/WAI/ER/tests/xhtml/testfiles/resources/pdf/dummy.pdf', '04073959-d667-4afd-865a-5260ec99520f'),
('e16282e3-1e62-434e-abc2-c67397907271', 'Catalogue Plasturgie 2026', 'Découvrez nos derniers produits et services pour l''industrie Plasturgie.', 'https://www.w3.org/WAI/ER/tests/xhtml/testfiles/resources/pdf/dummy.pdf', 'e81b6335-4fcc-4fca-9e2e-065884286393'),
('5678eb13-a42a-4fa3-bbe0-91f4e809111c', 'Catalogue Textile 2026', 'Découvrez nos derniers produits et services pour l''industrie Textile.', 'https://www.w3.org/WAI/ER/tests/xhtml/testfiles/resources/pdf/dummy.pdf', '62b04434-0bcd-4c32-99b3-e550700149dc'),
('1b12338d-aea5-4a30-893a-791e6aee8072', 'Catalogue Textile 2026', 'Découvrez nos derniers produits et services pour l''industrie Textile.', 'https://www.w3.org/WAI/ER/tests/xhtml/testfiles/resources/pdf/dummy.pdf', '65390834-baa2-4327-aff9-a8306088abbd'),
('5ed50b26-e0c1-4acd-9ec2-5349337af526', 'Catalogue Agroalimentaire 2026', 'Découvrez nos derniers produits et services pour l''industrie Agroalimentaire.', 'https://www.w3.org/WAI/ER/tests/xhtml/testfiles/resources/pdf/dummy.pdf', '9e33b395-69a0-4fd5-b7af-ea03d36bf5e3'),
('0b17acf2-2802-41a5-b91f-4debf001daeb', 'Catalogue Électronique 2026', 'Découvrez nos derniers produits et services pour l''industrie Électronique.', 'https://www.w3.org/WAI/ER/tests/xhtml/testfiles/resources/pdf/dummy.pdf', '409fea92-5686-4917-9963-0c908afdf276'),
('09a6a1f4-bb3e-4e81-9fa8-3bc054487fb4', 'Catalogue Textile 2026', 'Découvrez nos derniers produits et services pour l''industrie Textile.', 'https://www.w3.org/WAI/ER/tests/xhtml/testfiles/resources/pdf/dummy.pdf', '65390834-baa2-4327-aff9-a8306088abbd'),
('e142f6a6-1117-41b7-9ead-b235f6ccede0', 'Catalogue Textile 2026', 'Découvrez nos derniers produits et services pour l''industrie Textile.', 'https://www.w3.org/WAI/ER/tests/xhtml/testfiles/resources/pdf/dummy.pdf', 'c4b7e59c-9ccd-44ed-9ab8-ccf77782fba8'),
('67b01c5d-3a9a-4d26-9449-d3aee5e8acae', 'Catalogue Plasturgie 2026', 'Découvrez nos derniers produits et services pour l''industrie Plasturgie.', 'https://www.w3.org/WAI/ER/tests/xhtml/testfiles/resources/pdf/dummy.pdf', '7f63e1f5-1799-4f0d-a3e3-c8ee6f82aef7'),
('ea41b694-c913-490b-970b-e0515c8a5d2c', 'Catalogue Chimie 2026', 'Découvrez nos derniers produits et services pour l''industrie Chimie.', 'https://www.w3.org/WAI/ER/tests/xhtml/testfiles/resources/pdf/dummy.pdf', '52b880fc-42ee-47a0-8f76-cc1fdc9aa0a3'),
('6efb7c50-d74c-455c-b472-b2121c18fb9d', 'Catalogue Énergie 2026', 'Découvrez nos derniers produits et services pour l''industrie Énergie.', 'https://www.w3.org/WAI/ER/tests/xhtml/testfiles/resources/pdf/dummy.pdf', 'cde07c2e-72d4-463d-9eb9-b741bc38a053'),
('0b8ffc67-9ab3-4ef3-af02-dce8f1d28b6a', 'Catalogue Plasturgie 2026', 'Découvrez nos derniers produits et services pour l''industrie Plasturgie.', 'https://www.w3.org/WAI/ER/tests/xhtml/testfiles/resources/pdf/dummy.pdf', '9bd6a643-7462-4a9d-a4b1-4ea22d1ec1e9'),
('f7a3e061-ba47-4f4a-8435-b868f9189db2', 'Catalogue Énergie 2026', 'Découvrez nos derniers produits et services pour l''industrie Énergie.', 'https://www.w3.org/WAI/ER/tests/xhtml/testfiles/resources/pdf/dummy.pdf', '3c2f8bf1-945f-4b59-84d7-174bc55ebbc7'),
('4bdf8ead-9695-4d89-87e3-b4b70546c5d3', 'Catalogue Textile 2026', 'Découvrez nos derniers produits et services pour l''industrie Textile.', 'https://www.w3.org/WAI/ER/tests/xhtml/testfiles/resources/pdf/dummy.pdf', '88510d4f-2f25-474a-bcc7-8259afe3cea0'),
('04e28b5f-79cf-47bd-a037-6c0458f71a7d', 'Catalogue Métallurgie 2026', 'Découvrez nos derniers produits et services pour l''industrie Métallurgie.', 'https://www.w3.org/WAI/ER/tests/xhtml/testfiles/resources/pdf/dummy.pdf', '7f137be0-45f8-432a-84d8-0dac5acab958'),
('2e828f35-7a1c-48c4-bd77-196a4512373d', 'Catalogue Énergie 2026', 'Découvrez nos derniers produits et services pour l''industrie Énergie.', 'https://www.w3.org/WAI/ER/tests/xhtml/testfiles/resources/pdf/dummy.pdf', 'cde07c2e-72d4-463d-9eb9-b741bc38a053'),
('fae7036f-2196-41ab-803a-1e301b393eec', 'Catalogue Électronique 2026', 'Découvrez nos derniers produits et services pour l''industrie Électronique.', 'https://www.w3.org/WAI/ER/tests/xhtml/testfiles/resources/pdf/dummy.pdf', 'e9c3f12d-2c06-4e22-82fa-69d20504604d'),
('3b9e90e9-67f4-4832-b4c5-b33916017f6a', 'Catalogue Textile 2026', 'Découvrez nos derniers produits et services pour l''industrie Textile.', 'https://www.w3.org/WAI/ER/tests/xhtml/testfiles/resources/pdf/dummy.pdf', '88510d4f-2f25-474a-bcc7-8259afe3cea0'),
('08b3912f-f70b-47e0-bb47-94e760078f37', 'Catalogue Chimie 2026', 'Découvrez nos derniers produits et services pour l''industrie Chimie.', 'https://www.w3.org/WAI/ER/tests/xhtml/testfiles/resources/pdf/dummy.pdf', '7ecdb100-a56b-4057-83b6-580abd73ebcd'),
('cd262f95-418a-48ae-8e53-5c858e05a1fb', 'Catalogue Automobile 2026', 'Découvrez nos derniers produits et services pour l''industrie Automobile.', 'https://www.w3.org/WAI/ER/tests/xhtml/testfiles/resources/pdf/dummy.pdf', 'e0925171-06c6-46e2-a6d2-16b5d0cdde52'),
('9a4a7095-1570-41d9-8932-deea8774d7cc', 'Catalogue Automobile 2026', 'Découvrez nos derniers produits et services pour l''industrie Automobile.', 'https://www.w3.org/WAI/ER/tests/xhtml/testfiles/resources/pdf/dummy.pdf', '0d66bee5-17c2-4882-b9b6-31b8fb8c1559'),
('917ce79a-e05e-4eb5-9512-1f0c2c0ce375', 'Catalogue BTPH 2026', 'Découvrez nos derniers produits et services pour l''industrie BTPH.', 'https://www.w3.org/WAI/ER/tests/xhtml/testfiles/resources/pdf/dummy.pdf', '4fa7979e-f5f6-447c-a96f-df7f0118032f'),
('1b900134-3b42-445f-9a03-e24b473cb1cf', 'Catalogue Automobile 2026', 'Découvrez nos derniers produits et services pour l''industrie Automobile.', 'https://www.w3.org/WAI/ER/tests/xhtml/testfiles/resources/pdf/dummy.pdf', '9f5f62a0-4511-40d4-b3f7-fff2b5ba0440'),
('6abecee7-50bd-44d8-94c3-d5c7c2b10e80', 'Catalogue Textile 2026', 'Découvrez nos derniers produits et services pour l''industrie Textile.', 'https://www.w3.org/WAI/ER/tests/xhtml/testfiles/resources/pdf/dummy.pdf', 'dbbd0e16-1057-44d5-8367-fc824e90edde'),
('0dbd837c-3be4-491f-a7c2-ca2753a10217', 'Catalogue Électronique 2026', 'Découvrez nos derniers produits et services pour l''industrie Électronique.', 'https://www.w3.org/WAI/ER/tests/xhtml/testfiles/resources/pdf/dummy.pdf', '4ca3e6b6-f311-4d20-b404-125d875df22b'),
('e3cae6ee-433a-4302-a505-8812d494b69c', 'Catalogue Plasturgie 2026', 'Découvrez nos derniers produits et services pour l''industrie Plasturgie.', 'https://www.w3.org/WAI/ER/tests/xhtml/testfiles/resources/pdf/dummy.pdf', '7f63e1f5-1799-4f0d-a3e3-c8ee6f82aef7');

INSERT INTO public.tenders (id, title, description, company_id, deadline, status, reference_id)
VALUES
('bd3986ee-98c6-4509-86cb-701cc7a2754d', 'Appel d''offre: Maintenance de équipement Électronique', 'Nous recherchons des partenaires qualifiés pour maintenance de dans le cadre de notre nouveau projet à Annaba.', '87c5e931-8aa8-4bc1-8011-3e952a95d18b', '2026-08-07T09:55:02.683Z', 'open', 'AO-2026-9930'),
('56ee8acc-81f4-45bd-86e5-27533b159ab8', 'Appel d''offre: Étude pour équipement Énergie', 'Nous recherchons des partenaires qualifiés pour étude pour dans le cadre de notre nouveau projet à Oran.', 'cde07c2e-72d4-463d-9eb9-b741bc38a053', '2026-07-24T05:16:11.288Z', 'open', 'AO-2026-5790'),
('4d2bd2a6-fbdd-4092-9839-4fb4854b21ee', 'Appel d''offre: Maintenance de équipement Automobile', 'Nous recherchons des partenaires qualifiés pour maintenance de dans le cadre de notre nouveau projet à Tlemcen.', '9f5f62a0-4511-40d4-b3f7-fff2b5ba0440', '2026-08-08T06:20:36.606Z', 'open', 'AO-2026-7695'),
('a9414076-6bb1-41c8-a85d-98e11b218098', 'Appel d''offre: Étude pour équipement Énergie', 'Nous recherchons des partenaires qualifiés pour étude pour dans le cadre de notre nouveau projet à Oran.', '569e1a40-5c30-48e0-817d-e52a1c5caae1', '2026-08-17T23:00:56.623Z', 'open', 'AO-2026-4191'),
('ea719ba9-689b-4a05-a023-44a5ba053e65', 'Appel d''offre: Fourniture de équipement Automobile', 'Nous recherchons des partenaires qualifiés pour fourniture de dans le cadre de notre nouveau projet à Tlemcen.', '6e2baefc-b13e-4ca5-88f4-e6072f0d599c', '2026-08-12T13:09:54.104Z', 'open', 'AO-2026-9188'),
('2f4f9b8a-2f36-430b-9123-fac8022be655', 'Appel d''offre: Étude pour équipement Électronique', 'Nous recherchons des partenaires qualifiés pour étude pour dans le cadre de notre nouveau projet à Annaba.', '87c5e931-8aa8-4bc1-8011-3e952a95d18b', '2026-08-20T16:50:26.443Z', 'open', 'AO-2026-4153'),
('2cd1a2fb-fd7f-4232-9f8d-cf06cf8736c1', 'Appel d''offre: Installation de équipement Textile', 'Nous recherchons des partenaires qualifiés pour installation de dans le cadre de notre nouveau projet à Annaba.', '05f1cb09-811a-41e8-9507-63041b101801', '2026-08-05T07:55:04.960Z', 'open', 'AO-2026-5441'),
('16459cef-acea-4f9a-abb2-8411c0685604', 'Appel d''offre: Maintenance de équipement Énergie', 'Nous recherchons des partenaires qualifiés pour maintenance de dans le cadre de notre nouveau projet à Annaba.', '3c2f8bf1-945f-4b59-84d7-174bc55ebbc7', '2026-08-15T01:47:10.011Z', 'open', 'AO-2026-9358'),
('f1f5dd4a-10ef-4cfb-9e61-dae193a4176f', 'Appel d''offre: Fourniture de équipement Électronique', 'Nous recherchons des partenaires qualifiés pour fourniture de dans le cadre de notre nouveau projet à Hassi Messaoud.', '163c6384-3d74-4d25-8a6d-349afa76e90b', '2026-08-19T02:33:52.252Z', 'open', 'AO-2026-8644'),
('dc8c9b73-d45e-420f-812f-20838072320c', 'Appel d''offre: Installation de équipement Métallurgie', 'Nous recherchons des partenaires qualifiés pour installation de dans le cadre de notre nouveau projet à Annaba.', '7adfa352-365c-4751-a150-60e9bed9fc4b', '2026-07-27T18:28:02.626Z', 'open', 'AO-2026-4990'),
('8de0cc28-fa11-4d55-b8e9-459b6548e8bd', 'Appel d''offre: Étude pour équipement Métallurgie', 'Nous recherchons des partenaires qualifiés pour étude pour dans le cadre de notre nouveau projet à Annaba.', '7adfa352-365c-4751-a150-60e9bed9fc4b', '2026-07-07T17:10:39.425Z', 'open', 'AO-2026-9642'),
('1dbe1393-2392-46c8-a157-97a16a6b7fdf', 'Appel d''offre: Maintenance de équipement Textile', 'Nous recherchons des partenaires qualifiés pour maintenance de dans le cadre de notre nouveau projet à Ouargla.', '88510d4f-2f25-474a-bcc7-8259afe3cea0', '2026-08-08T10:59:18.778Z', 'open', 'AO-2026-7793'),
('82137303-004c-444d-bed9-3d8d5a7a2bf4', 'Appel d''offre: Étude pour équipement Énergie', 'Nous recherchons des partenaires qualifiés pour étude pour dans le cadre de notre nouveau projet à Sétif.', '3a37f667-a80b-4d7e-b05b-1bfd3419dbad', '2026-07-16T16:21:20.979Z', 'open', 'AO-2026-2984'),
('e2890e1e-2f77-4403-ac57-d4e1bbe5989c', 'Appel d''offre: Installation de équipement Textile', 'Nous recherchons des partenaires qualifiés pour installation de dans le cadre de notre nouveau projet à Ouargla.', '62b04434-0bcd-4c32-99b3-e550700149dc', '2026-07-27T19:02:52.982Z', 'open', 'AO-2026-8841'),
('9289f0d5-efaa-4a7a-af89-30d2bba5a0dd', 'Appel d''offre: Installation de équipement Agroalimentaire', 'Nous recherchons des partenaires qualifiés pour installation de dans le cadre de notre nouveau projet à Oran.', 'ae4aba81-04f4-4982-8a9e-c5e929706a8a', '2026-07-23T02:13:40.450Z', 'open', 'AO-2026-7373'),
('46067e1a-b55b-4560-9d1d-736a421142ad', 'Appel d''offre: Fourniture de équipement Chimie', 'Nous recherchons des partenaires qualifiés pour fourniture de dans le cadre de notre nouveau projet à Oran.', '52b880fc-42ee-47a0-8f76-cc1fdc9aa0a3', '2026-07-07T05:45:56.916Z', 'open', 'AO-2026-7864'),
('bc25fc27-296b-4617-97d5-1f65bd5bf6ec', 'Appel d''offre: Étude pour équipement Énergie', 'Nous recherchons des partenaires qualifiés pour étude pour dans le cadre de notre nouveau projet à Annaba.', '2936a52d-724b-4350-b2ea-77dc28a50d37', '2026-08-15T16:08:57.084Z', 'open', 'AO-2026-5825'),
('cd83998d-5c03-4e97-b5c5-5031001dbb3b', 'Appel d''offre: Construction de équipement Automobile', 'Nous recherchons des partenaires qualifiés pour construction de dans le cadre de notre nouveau projet à Annaba.', '0d66bee5-17c2-4882-b9b6-31b8fb8c1559', '2026-07-27T07:36:52.858Z', 'open', 'AO-2026-5727'),
('188c43fe-d7d4-4374-bfb9-3418ca5465e0', 'Appel d''offre: Maintenance de équipement BTPH', 'Nous recherchons des partenaires qualifiés pour maintenance de dans le cadre de notre nouveau projet à Tlemcen.', '35cdb846-6034-445c-9548-4661cff0ad28', '2026-07-21T19:39:33.494Z', 'open', 'AO-2026-3633'),
('a46b4f56-198c-449e-9e18-5c7167559228', 'Appel d''offre: Fourniture de équipement Plasturgie', 'Nous recherchons des partenaires qualifiés pour fourniture de dans le cadre de notre nouveau projet à Ouargla.', 'e81b6335-4fcc-4fca-9e2e-065884286393', '2026-08-25T18:54:50.962Z', 'open', 'AO-2026-1173'),
('4b35f0ef-20b2-4eee-8cc1-a83a5c3eb12d', 'Appel d''offre: Fourniture de équipement Textile', 'Nous recherchons des partenaires qualifiés pour fourniture de dans le cadre de notre nouveau projet à Tlemcen.', 'c4b7e59c-9ccd-44ed-9ab8-ccf77782fba8', '2026-07-19T07:46:41.156Z', 'open', 'AO-2026-3692'),
('6d78936f-03fd-44ea-9a36-b13ff2913b29', 'Appel d''offre: Maintenance de équipement Métallurgie', 'Nous recherchons des partenaires qualifiés pour maintenance de dans le cadre de notre nouveau projet à Béjaïa.', '7f137be0-45f8-432a-84d8-0dac5acab958', '2026-07-26T08:02:40.070Z', 'open', 'AO-2026-8256'),
('f9ba7cbf-714f-4894-a7cc-dc767816a3e4', 'Appel d''offre: Construction de équipement Automobile', 'Nous recherchons des partenaires qualifiés pour construction de dans le cadre de notre nouveau projet à Sétif.', '9567b535-4c60-401e-85d7-8d9675e36b80', '2026-08-21T09:29:28.166Z', 'open', 'AO-2026-8615'),
('3531ad9c-a203-4206-b9ee-dfa55191107b', 'Appel d''offre: Étude pour équipement Énergie', 'Nous recherchons des partenaires qualifiés pour étude pour dans le cadre de notre nouveau projet à Blida.', '7c15061f-3332-4f40-bd69-4bf55298bdf7', '2026-08-11T06:41:49.045Z', 'open', 'AO-2026-1013'),
('979ee851-af84-484f-9eb4-342c7d27b4ca', 'Appel d''offre: Maintenance de équipement BTPH', 'Nous recherchons des partenaires qualifiés pour maintenance de dans le cadre de notre nouveau projet à Alger.', '858f7418-2cc4-456b-9af1-8c9712c9b4fb', '2026-07-14T15:44:06.176Z', 'open', 'AO-2026-7283'),
('043f703f-ce22-447c-b4ef-4c0f994ebfee', 'Appel d''offre: Maintenance de équipement Métallurgie', 'Nous recherchons des partenaires qualifiés pour maintenance de dans le cadre de notre nouveau projet à Béjaïa.', '7f137be0-45f8-432a-84d8-0dac5acab958', '2026-08-18T03:55:18.592Z', 'open', 'AO-2026-5920'),
('a584d1de-53ee-47cc-a6fd-72ddfc981a36', 'Appel d''offre: Maintenance de équipement Chimie', 'Nous recherchons des partenaires qualifiés pour maintenance de dans le cadre de notre nouveau projet à Tlemcen.', '7ecdb100-a56b-4057-83b6-580abd73ebcd', '2026-07-27T00:48:37.103Z', 'open', 'AO-2026-1797'),
('5b13fcd5-c4a1-41bd-82d3-751da85eafd5', 'Appel d''offre: Maintenance de équipement Textile', 'Nous recherchons des partenaires qualifiés pour maintenance de dans le cadre de notre nouveau projet à Sétif.', '6dcd5c41-896d-460d-b810-1a912f43a279', '2026-08-27T15:19:35.022Z', 'open', 'AO-2026-2944'),
('e06a4fda-02d5-4e5c-b061-eaf7f374ac30', 'Appel d''offre: Fourniture de équipement Textile', 'Nous recherchons des partenaires qualifiés pour fourniture de dans le cadre de notre nouveau projet à Alger.', 'dbbd0e16-1057-44d5-8367-fc824e90edde', '2026-08-17T22:18:19.348Z', 'open', 'AO-2026-5985'),
('59d89c35-89a7-4d7b-ac56-e3d1d70312d8', 'Appel d''offre: Maintenance de équipement Agroalimentaire', 'Nous recherchons des partenaires qualifiés pour maintenance de dans le cadre de notre nouveau projet à Blida.', '562441a1-08c1-4489-a22f-aaf6613717b6', '2026-07-28T13:54:02.153Z', 'open', 'AO-2026-7073'),
('09455529-9690-46bc-be3f-63897e6c8392', 'Appel d''offre: Fourniture de équipement Agroalimentaire', 'Nous recherchons des partenaires qualifiés pour fourniture de dans le cadre de notre nouveau projet à Sétif.', 'fdd1796c-5abd-484b-9e3e-8ec92f3df0b7', '2026-08-01T19:35:47.937Z', 'open', 'AO-2026-9013'),
('9e996c9d-b8eb-4dea-a46f-c73e6b57e98c', 'Appel d''offre: Fourniture de équipement Automobile', 'Nous recherchons des partenaires qualifiés pour fourniture de dans le cadre de notre nouveau projet à Sétif.', 'e0925171-06c6-46e2-a6d2-16b5d0cdde52', '2026-07-07T12:01:10.301Z', 'open', 'AO-2026-3367'),
('a727d4ce-f8a8-4a34-b615-62c18ec61787', 'Appel d''offre: Maintenance de équipement Chimie', 'Nous recherchons des partenaires qualifiés pour maintenance de dans le cadre de notre nouveau projet à Oran.', '52b880fc-42ee-47a0-8f76-cc1fdc9aa0a3', '2026-08-27T05:27:37.670Z', 'open', 'AO-2026-9092'),
('2647df25-5614-49f5-aa18-48b830729895', 'Appel d''offre: Construction de équipement Plasturgie', 'Nous recherchons des partenaires qualifiés pour construction de dans le cadre de notre nouveau projet à Ouargla.', 'e81b6335-4fcc-4fca-9e2e-065884286393', '2026-08-02T23:06:51.517Z', 'open', 'AO-2026-9909'),
('0dffe797-7d8f-4cbd-a31a-044cce285642', 'Appel d''offre: Étude pour équipement BTPH', 'Nous recherchons des partenaires qualifiés pour étude pour dans le cadre de notre nouveau projet à Hassi Messaoud.', '180c3c75-0c62-4492-8549-01a1cf5f5b39', '2026-08-30T21:07:03.188Z', 'open', 'AO-2026-1984'),
('662a5d70-8f8c-4716-8598-eca11a311a62', 'Appel d''offre: Fourniture de équipement Électronique', 'Nous recherchons des partenaires qualifiés pour fourniture de dans le cadre de notre nouveau projet à Hassi Messaoud.', '163c6384-3d74-4d25-8a6d-349afa76e90b', '2026-07-12T05:37:13.333Z', 'open', 'AO-2026-8847'),
('ea63e498-9b79-4092-b128-34a163a0a952', 'Appel d''offre: Installation de équipement BTPH', 'Nous recherchons des partenaires qualifiés pour installation de dans le cadre de notre nouveau projet à Alger.', '858f7418-2cc4-456b-9af1-8c9712c9b4fb', '2026-08-10T19:45:19.253Z', 'open', 'AO-2026-9779'),
('b6aab476-e8f0-4f2d-9b16-f95f5144dd10', 'Appel d''offre: Fourniture de équipement Automobile', 'Nous recherchons des partenaires qualifiés pour fourniture de dans le cadre de notre nouveau projet à Tlemcen.', '235d6285-0493-4080-9fd0-6debef4a7030', '2026-07-30T02:33:46.496Z', 'open', 'AO-2026-5280'),
('ca0ca43d-61aa-4fbc-9e78-9bd0d649dfea', 'Appel d''offre: Construction de équipement Agroalimentaire', 'Nous recherchons des partenaires qualifiés pour construction de dans le cadre de notre nouveau projet à Blida.', '562441a1-08c1-4489-a22f-aaf6613717b6', '2026-07-12T00:47:36.089Z', 'open', 'AO-2026-6118'),
('0d5ce27a-0e53-429c-9e42-eb680a1e514e', 'Appel d''offre: Étude pour équipement BTPH', 'Nous recherchons des partenaires qualifiés pour étude pour dans le cadre de notre nouveau projet à Annaba.', '225f79e3-3921-4f01-8bec-42b5ac80bb80', '2026-08-03T11:16:17.987Z', 'open', 'AO-2026-7121');

